{"count":1,"self":23.279891199999998,"total":25.035722,"children":{"InitializeActuators":{"count":30,"self":0.002418,"total":0.002418,"children":null},"InitializeSensors":{"count":30,"self":0.007508,"total":0.007508,"children":null},"AgentSendState":{"count":1652,"self":0.144415,"total":0.403632,"children":{"CollectObservations":{"count":4035,"self":0.11408299999999999,"total":0.11408299999999999,"children":null},"WriteActionMask":{"count":4035,"self":0.027035999999999998,"total":0.027035999999999998,"children":null},"RequestDecision":{"count":4035,"self":0.06512699999999999,"total":0.06512699999999999,"children":null},"UpdateModelSpacePoses":{"count":1883,"self":0.027788,"total":0.027788,"children":null},"UpdateLocalSpacePoses":{"count":1883,"self":0.025183,"total":0.025183,"children":null}}},"DecideAction":{"count":1652,"self":0.88199299999999992,"total":0.88199299999999992,"children":null},"AgentAct":{"count":1652,"self":0.457169,"total":0.457169,"children":null},"UpdateModelSpacePoses":{"count":33,"self":0.0013089999999999998,"total":0.0013089999999999998,"children":null},"UpdateLocalSpacePoses":{"count":33,"self":0.00047599999999999997,"total":0.00047599999999999997,"children":null}},"gauges":{"Crawler.CumulativeReward":{"count":19,"max":56.711422,"min":-2,"runningAverage":2.0258882,"value":-2,"weightedAverage":9.580706},"WalkerDynamic.CumulativeReward":{"count":30,"max":162.523544,"min":-1,"runningAverage":45.45846,"value":25.9864521,"weightedAverage":34.42093}},"metadata":{"timer_format_version":"0.1.0","start_time_seconds":"1635137233","unity_version":"2019.4.30f1","command_line_arguments":"\/Applications\/Unity\/Hub\/Editor\/2019.4.30f1\/Unity.app\/Contents\/MacOS\/Unity -projectpath \/Users\/jonathan\/Unity\/MLMAZE -useHub -hubIPC -cloudEnvironment production -hubSessionId 9f52de60-3083-11ec-aa21-15cf38ea8708 -accessToken 73Wvk7pkfyAVytIp5N6vbNQsqc1ztLSN675ODSCh7CM001f","communication_protocol_version":"1.5.0","com.unity.ml-agents_version":"2.1.0-exp.1","scene_name":"Title","end_time_seconds":"1635137258"}}